<?xml version="1.0" encoding="utf-8" ?>
<manifest>
   <control namespace="SampleNamespace"
      constructor="LinearInputControl"
      version="0.0.1"
      display-name-key="LinearInputControl"
      description-key="LinearInputControl description"
      control-type="standard">
      <type-group name="numbers">
         <type>Whole.None</type>
         <type>Currency</type>
         <type>FP</type>
         <type>Decimal</type>
      </type-group>
      <property name="controlValue"
         display-name-key="Control Value"
         description-key="Control value description."
         of-type-group="numbers"
         usage="bound"
         required="true" />
      <resources>
         <code path="index.ts"
            order="1" />
         <css path="css/LinearInputControl.css"
            order="1" />
      </resources>
   </control>
</manifest>